dives_area,comps_area,dives_area_x100k,comps_area_x100k,FID,pub_u,TARGET_FID,dives,TARGET_FID,pub_d,TARGET_F_1,total_311,boro_code,boro_name,county_fip,ntacode,ntaname,shape_leng,F311_to_bar,Field1,address_ty,agency,agency_nam,bbl,borough,city,closed_dat,community_,complaint_,created_da,cross_stre,cross_st_1,descriptor,due_date,facility_t,incident_a,incident_z,intersecti,intersec_1,landmark,latitude,location,location_t,longitude,open_data_,park_borou,park_facil,resolution,resoluti_1,status,street_nam,unique_key,x_coordina,y_coordina,created_ti,lonlat,geometry,Field1_1,address__1,agency_1,agency_n_1,bbl_1,borough_1,city_1,closed_d_1,community1,complaint1,created__1,cross_st_2,cross_st_3,descript_1,due_date_1,facility_1,incident_1,incident_2,intersec_2,intersec_3,landmark_1,latitude_1,location_1,location_2,longitud_1,open_data1,park_bor_1,park_fac_1,resoluti_2,resoluti_3,status_1,street_n_1,unique_k_1,x_coordi_1,y_coordi_1,created__2,lonlat_1,geometry_1,Field1_12,lat,lon,name,Shape_Length,Shape_Area
0.00000367164000,0.00000449776000,3.67164,4.49776,23,13,176,40,22,36,22,49,1,Manhattan,61,MN22,East Village,13555.23945,0,358,ADDRESS,NYPD,New York City Police Department,1004020063,MANHATTAN,NEW YORK,2017-04-30T01:13:46.000,03 MANHATTAN,Urinating in Public,2017-04-30,AVENUE A,AVENUE B,N/A,2017-04-30T08:41:52.000,Precinct,505 EAST 6 STREET,10009,,,,40.72530464,"{u'type': u'Point', u'coordinates': [-73.983541118625, 40.7253046365]}",Club/Bar/Restaurant,-73.98354112,PHONE,MANHATTAN,Unspecified,2017-04-30T01:13:46.000,The Police Department responded and upon arrival those responsible for the condition were gone.,Closed,EAST 6 STREET,36062145,988812,203525,0:41:52,"(-73.98354111862506, 40.725304636499814)",POINT (-73.98354111862506 40.72530463649981),420,ADDRESS,NYPD,New York City Police Department,1004490003,MANHATTAN,NEW YORK,2017-06-04T23:03:55.000,03 MANHATTAN,Drinking,2017-06-04,EAST 7 STREET,ST MARKS PLACE,In Public,2017-06-05T06:43:33.000,Precinct,122 SECOND AVENUE,10003,,,,40.72820913,"{u'type': u'Point', u'coordinates': [-73.987938527303, 40.728209133634]}",Street/Sidewalk,-73.98793853,PHONE,MANHATTAN,Unspecified,2017-06-04T23:03:55.000,The Police Department responded to the complaint and with the information available observed no evidence of the violation at that time.,Closed,SECOND AVENUE,36358074,987593,204583,22:43:33,"(-73.9879385273033, 40.7282091336342)",POINT (-73.9879385273033 40.7282091336342),5,40.72261429,-73.98634338,The Library,0.042693162,10894316.09
0.00000099981600,0.00000231957000,0.999816,2.31957,24,25,178,25,23,33,23,58,1,Manhattan,61,MN23,West Village,29393.93573,0,62,ADDRESS,NYPD,New York City Police Department,1006180044,MANHATTAN,NEW YORK,2016-08-03T02:07:35.000,02 MANHATTAN,Urinating in Public,2016-08-03,7 AVENUE,GREENWICH AVENUE,N/A,2016-08-03T08:47:12.000,Precinct,209 WEST 13 STREET,10011,,,,40.73810186,"{u'type': u'Point', u'coordinates': [-74.000718094356, 40.738101857216]}",Street/Sidewalk,-74.00071809,PHONE,MANHATTAN,Unspecified,2016-08-03T02:07:35.000,The Police Department responded and upon arrival those responsible for the condition were gone.,Closed,WEST 13 STREET,33993006,984051,208187,0:47:12,"(-74.00071809435578, 40.73810185721562)",POINT (-74.00071809435578 40.73810185721562),106,BLOCKFACE,NYPD,New York City Police Department,0,MANHATTAN,NEW YORK,2016-08-27T04:22:27.000,02 MANHATTAN,Drinking,2016-08-27,CARMINE STREET,LEROY STREET,In Public,2016-08-27T09:25:52.000,Precinct,BEDFORD STREET,10014,,,,40.73015023,"{u'type': u'Point', u'coordinates': [-74.004131255904, 40.730150233517]}",Street/Sidewalk,-74.00413126,PHONE,MANHATTAN,Unspecified,2016-08-27T04:22:27.000,The Police Department responded and upon arrival those responsible for the condition were gone.,Closed,BEDFORD STREET,34181134,983105,205290,1:25:52,"(-74.00413125590381, 40.730150233517286)",POINT (-74.00413125590381 40.73015023351729),3,40.73787,-74.0016799,Johnny's Bar,0.096285434,25004601.97
0.00000068956600,0.00000227557000,0.689566,2.27557,5,13,103,10,4,20,4,33,1,Manhattan,61,MN27,Chinatown,20786.25611,0,68,INTERSECTION,NYPD,New York City Police Department,0,MANHATTAN,NEW YORK,2016-08-07T02:27:37.000,03 MANHATTAN,Urinating in Public,2016-08-07,,,N/A,2016-08-07T09:28:02.000,Precinct,,10002,CHRYSTIE STREET,STANTON STREET,,40.72240156,"{u'type': u'Point', u'coordinates': [-73.99164825724, 40.722401556311]}",Club/Bar/Restaurant,-73.99164826,PHONE,MANHATTAN,Unspecified,2016-08-07T02:27:37.000,The Police Department responded to the complaint and with the information available observed no evidence of the violation at that time.,Closed,,34022711,986565,202467,1:28:02,"(-73.9916482572405, 40.72240155631063)",POINT (-73.9916482572405 40.72240155631063),268,ADDRESS,NYPD,New York City Police Department,1001620038,MANHATTAN,NEW YORK,2017-01-21T04:19:59.000,03 MANHATTAN,Drinking,2017-01-21,BEND,BEND,In Public,2017-01-21T11:30:08.000,Precinct,7 DOYER STREET,10013,,,,40.71440087,"{u'type': u'Point', u'coordinates': [-73.998095381922, 40.714400868923]}",Street/Sidewalk,-73.99809538,PHONE,MANHATTAN,Unspecified,2017-01-21T04:19:59.000,The Police Department responded to the complaint and with the information available observed no evidence of the violation at that time.,Closed,DOYER STREET,35299278,984778,199552,3:30:08,"(-73.99809538192159, 40.71440086892275)",POINT (-73.99809538192159 40.71440086892275),16,40.716267,-73.989698,Old Man Hustle,0.065785657,14501868.16
0.00000058814600,0.00000198499000,0.588146,1.98499,16,10,155,8,15,17,15,27,1,Manhattan,61,MN32,Yorkville,17998.72085,0,22,BLOCKFACE,NYPD,New York City Police Department,0,MANHATTAN,NEW YORK,2016-07-10T23:00:39.000,08 MANHATTAN,Urinating in Public,2016-07-10,3 AVENUE,2 AVENUE,N/A,2016-07-11T04:26:13.000,Precinct,EAST 85 STREET,10028,,,,40.77766615,"{u'type': u'Point', u'coordinates': [-73.95336112381, 40.777666147331]}",Street/Sidewalk,-73.95336112,PHONE,MANHATTAN,Unspecified,2016-07-10T23:00:39.000,The Police Department responded and upon arrival those responsible for the condition were gone.,Closed,EAST 85 STREET,33808328,997167,222605,20:26:13,"(-73.95336112380984, 40.77766614733106)",POINT (-73.95336112380984 40.77766614733106),221,ADDRESS,NYPD,New York City Police Department,1015580023,MANHATTAN,NEW YORK,,08 MANHATTAN,Drinking,2016-11-06,2 AVENUE,1 AVENUE,In Public,2016-11-06T09:51:00.000,N/A,337 EAST 95 STREET,10128,,,,40.78316916,"{u'type': u'Point', u'coordinates': [-73.946612000858, 40.783169158134]}",Street/Sidewalk,-73.946612,PHONE,MANHATTAN,Unspecified,2016-11-06T01:13:51.000,The Police Department responded to the complaint and took action to fix the condition.,Open,EAST 95 STREET,34715238,999035,224611,1:51:00,"(-73.94661200085783, 40.783169158133745)",POINT (-73.94661200085783 40.78316915813375),46,40.78085422,-73.94934118,DTUT,0.056011645,13602064.02
0.00000053142500,0.00000185999000,0.531425,1.85999,21,6,174,4,20,8,20,14,1,Manhattan,61,MN21,Gramercy,12096.89551,0,467,INTERSECTION,NYPD,New York City Police Department,0,MANHATTAN,NEW YORK,2017-06-24T22:53:06.000,05 MANHATTAN,Urinating in Public,2017-06-24,,,N/A,2017-06-25T05:41:30.000,Precinct,,10016,LEXINGTON AVENUE,EAST 28 STREET,,40.74264583,"{u'type': u'Point', u'coordinates': [-73.982454206524, 40.74264583132]}",Street/Sidewalk,-73.98245421,PHONE,MANHATTAN,Unspecified,2017-06-24T22:53:06.000,The Police Department responded to the complaint and with the information available observed no evidence of the violation at that time.,Closed,,36529089,989112,209843,21:41:30,"(-73.98245420652424, 40.74264583131978)",POINT (-73.98245420652424 40.74264583131978),456,INTERSECTION,NYPD,New York City Police Department,0,MANHATTAN,NEW YORK,2017-06-18T23:22:57.000,06 MANHATTAN,Drinking,2017-06-18,,,In Public,2017-06-19T04:47:55.000,Precinct,,10003,EAST 20 STREET,IRVING PLACE,,40.7376399,"{u'type': u'Point', u'coordinates': [-73.98612174997, 40.73763990482]}",Street/Sidewalk,-73.98612175,PHONE,MANHATTAN,Unspecified,2017-06-18T23:22:57.000,The Police Department responded to the complaint and with the information available observed no evidence of the violation at that time.,Closed,,36477680,988096,208019,20:47:55,"(-73.98612174996995, 40.73763990482006)",POINT (-73.98612174996995 40.73763990482006),78,40.73773,-73.98125,McSwiggan's Bar,0.038063659,7526926.642
0.00000048962600,0.00000206731000,0.489626,2.06731,4,14,66,9,3,24,3,38,1,Manhattan,61,MN15,Clinton,35037.17157,0,851,INTERSECTION,NYPD,New York City Police Department,0,MANHATTAN,NEW YORK,2018-03-18T02:49:04.000,04 MANHATTAN,Urinating in Public,2018-03-17,,,N/A,2018-03-18T07:28:40.000,Precinct,,10019,8 AVENUE,WEST 52 STREET,,40.76354472,"{u'type': u'Point', u'coordinates': [-73.985192219598, 40.7635447156]}",Street/Sidewalk,-73.98519222,PHONE,MANHATTAN,Unspecified,2018-03-18T02:49:04.000,The Police Department responded and upon arrival those responsible for the condition were gone.,Closed,,38717767,988352,217457,23:28:40,"(-73.98519221959798, 40.763544715600496)",POINT (-73.98519221959798 40.7635447156005),51,ADDRESS,NYPD,New York City Police Department,0,MANHATTAN,NEW YORK,2016-07-24T23:05:09.000,04 MANHATTAN,Drinking,2016-07-24,11 AVENUE,12 AVENUE,In Public,2016-07-25T05:36:43.000,Precinct,680 WEST 43 STREET,10036,,,,40.76224191,"{u'type': u'Point', u'coordinates': [-73.999610139202, 40.762241913865]}",Club/Bar/Restaurant,-73.99961014,PHONE,MANHATTAN,Unspecified,2016-07-24T23:05:09.000,The Police Department responded and upon arrival those responsible for the condition were gone.,Closed,WEST 43 STREET,33919963,984358,216982,21:36:43,"(-73.99961013920174, 40.76224191386503)",POINT (-73.99961013920174 40.76224191386503),1,40.765356,-73.984113,Barcelona Bar,0.11490514,18381385.59
0.00000023968700,0.00000135822000,0.239687,1.35822,18,13,164,6,17,21,17,34,1,Manhattan,61,MN24,SoHo/TriBeCa,26855.03233,0,277,ADDRESS,NYPD,New York City Police Department,1001940036,MANHATTAN,NEW YORK,2017-01-30T23:31:35.000,01 MANHATTAN,Urinating in Public,2017-01-30,WALKER STREET,LISPENARD STREET,N/A,2017-01-31T05:49:50.000,Precinct,411 BROADWAY,10013,,,,40.71901755,"{u'type': u'Point', u'coordinates': [-74.002222208344, 40.719017550103]}",Street/Sidewalk,-74.00222221,PHONE,MANHATTAN,Unspecified,2017-01-30T23:31:35.000,The Police Department responded to the complaint and with the information available observed no evidence of the violation at that time.,Closed,BROADWAY,35376637,983634,201234,21:49:50,"(-74.00222220834445, 40.719017550102805)",POINT (-74.00222220834445 40.71901755010281),261,ADDRESS,NYPD,New York City Police Department,1001890020,MANHATTAN,NEW YORK,2017-01-07T22:18:14.000,01 MANHATTAN,Drinking,2017-01-07,FRANKLIN STREET,NORTH MOORE STREET,In Public,2017-01-08T05:14:10.000,Precinct,120 HUDSON STREET,10013,,,,40.7198544,"{u'type': u'Point', u'coordinates': [-74.008589520313, 40.719854402729]}",Club/Bar/Restaurant,-74.00858952,ONLINE,MANHATTAN,Unspecified,2017-01-07T22:18:14.000,The Police Department responded and upon arrival those responsible for the condition were gone.,Closed,HUDSON STREET,35186570,981869,201539,21:14:10,"(-74.0085895203129, 40.719854402729155)",POINT (-74.0085895203129 40.71985440272915),12,40.714877,-74.008306,The Patriot Saloon,0.086943166,25032687.72
0.00000021049600,0.00000073673600,0.210496,0.736736,7,4,108,4,6,10,6,14,1,Manhattan,61,MN25,Battery Park,43761.58698,0,916,ADDRESS,NYPD,New York City Police Department,1000257501,MANHATTAN,NEW YORK,2013-07-31T22:24:46.000,01 MANHATTAN,Urinating in Public,2013-07-31,BEAVER STREET,EXCHANGE PLACE,N/A,2013-08-01T06:08:27.000,Precinct,15 WILLIAM STREET,10004,,,,40.70520824,"{u'type': u'Point', u'coordinates': [-74.009997866055, 40.705208239755]}",Residential Building/House,-74.00999787,PHONE,MANHATTAN,Unspecified,2013-07-31T22:22:04.000,The Police Department responded and upon arrival those responsible for the condition were gone.,Closed,WILLIAM STREET,26040380,981478,196203,22:08:27,"(-74.00999786605462, 40.70520823975513)",POINT (-74.00999786605462 40.70520823975513),171,INTERSECTION,NYPD,New York City Police Department,0,MANHATTAN,NEW YORK,2016-10-07T02:16:35.000,Unspecified MANHATTAN,Drinking,2016-10-06,,,In Public,2016-10-07T07:12:06.000,Precinct,,10038,DOVER STREET,PEARL STREET,,40.70952343,"{u'type': u'Point', u'coordinates': [-74.001666418876, 40.709523430443]}",Park/Playground,-74.00166642,PHONE,MANHATTAN,Unspecified,2016-10-07T02:16:35.000,The Police Department responded to the complaint and with the information available observed no evidence of the violation at that time.,Closed,,34479616,983788,197775,23:12:06,"(-74.00166641887616, 40.70952343044316)",POINT (-74.00166641887616 40.70952343044316),6,40.70814,-74.00495,Iron Horse NYC,0.138115466,19002742.05
0.00000020709800,0.00000283034000,0.207098,2.83034,13,12,148,3,12,29,12,41,1,Manhattan,61,MN20,Murray Hill,24491.3107,0,164,ADDRESS,NYPD,New York City Police Department,1009070016,MANHATTAN,NEW YORK,2016-09-30T01:57:23.000,06 MANHATTAN,Urinating in Public,2016-09-29,3 AVENUE,2 AVENUE,N/A,2016-09-30T06:22:28.000,Precinct,225 EAST 26 STREET,10010,,,,40.74030154,"{u'type': u'Point', u'coordinates': [-73.980722679768, 40.740301537098]}",Street/Sidewalk,-73.98072268,PHONE,MANHATTAN,Unspecified,2016-09-30T01:57:24.000,The Police Department responded to the complaint and took action to fix the condition.,Closed,EAST 26 STREET,34432389,989592,208989,22:22:28,"(-73.9807226797676, 40.74030153709773)",POINT (-73.9807226797676 40.74030153709773),33,ADDRESS,NYPD,New York City Police Department,1009330025,MANHATTAN,NEW YORK,2016-07-17T23:57:43.000,06 MANHATTAN,Drinking,2016-07-17,MOUNT CARMEL PLACE,1 AVENUE,In Public,2016-07-18T06:40:48.000,Precinct,344 EAST 28 STREET,10016,,,,40.74029535,"{u'type': u'Point', u'coordinates': [-73.976951659804, 40.740295354644]}",Residential Building/House,-73.97695166,PHONE,MANHATTAN,Unspecified,2016-07-17T23:57:43.000,The Police Department responded to the complaint and with the information available observed no evidence of the violation at that time.,Closed,EAST 28 STREET,33862970,990637,208987,22:40:48,"(-73.97695165980414, 40.740295354643706)",POINT (-73.97695165980414 40.74029535464371),14,40.74994757,-73.97657249,Peter Dillon's,0.078623596,14485875.17
0.00000017169400,0.00000167401000,0.171694,1.67401,20,4,171,4,19,35,19,39,1,Manhattan,61,MN28,LES,25466.69136,0,2630,ADDRESS,NYPD,New York City Police Department,1003440013,MANHATTAN,NEW YORK,2010-09-07T21:58:55.000,03 MANHATTAN,Urinating in Public,2010-09-07,ATTORNEY STREET,RIDGE STREET,N/A,2010-09-08T04:06:32.000,Precinct,195 STANTON STREET,10002,,,,40.71984252,"{u'type': u'Point', u'coordinates': [-73.983228612769, 40.719842522554]}",Residential Building/House,-73.98322861,PHONE,MANHATTAN,Unspecified,2010-09-07T00:00:00.000,,Closed,STANTON STREET,18639392,988899,201535,20:06:32,"(-73.98322861276922, 40.719842522553684)",POINT (-73.98322861276922 40.71984252255368),18,ADDRESS,NYPD,New York City Police Department,1003410070,MANHATTAN,NEW YORK,2016-07-11T02:08:39.000,03 MANHATTAN,Drinking,2016-07-10,PITT STREET,RIDGE STREET,In Public,2016-07-11T07:19:37.000,Precinct,131 BROOME STREET,10002,,,,40.71621406,"{u'type': u'Point', u'coordinates': [-73.983976242982, 40.71621405646]}",Residential Building/House,-73.98397624,PHONE,MANHATTAN,Unspecified,2016-07-11T02:08:39.000,The Police Department responded to the complaint and with the information available observed no evidence of the violation at that time.,Closed,BROOME STREET,33804982,988692,200213,23:19:37,"(-73.9839762429817, 40.71621405645963)",POINT (-73.9839762429817 40.71621405645963),50,40.713838,-73.98976,Charles Hanson's 169 Soul Jazz Oyster Bar,0.079357445,23297284.59
0.00000016203200,0.00000102620000,0.162032,1.0262,25,23,179,6,24,15,24,38,1,Manhattan,61,MN13,Chelsea/Flatiron,45454.72202,0,77,ADDRESS,NYPD,New York City Police Department,1007910036,MANHATTAN,NEW YORK,2016-08-09T08:00:09.000,04 MANHATTAN,Urinating in Public,2016-08-09,AVENUE OF THE AMERICAS,7 AVENUE,N/A,2016-08-09T11:50:52.000,Precinct,101 WEST 15 STREET,10011,,,,40.73823082,"{u'type': u'Point', u'coordinates': [-73.996759547841, 40.738230817222]}",Residential Building/House,-73.99675955,PHONE,MANHATTAN,Unspecified,2016-08-09T08:00:09.000,The Police Department responded to the complaint and took action to fix the condition.,Closed,WEST 15 STREET,34050273,985148,208234,3:50:52,"(-73.9967595478406, 40.738230817222174)",POINT (-73.9967595478406 40.73823081722217),137,ADDRESS,NYPD,New York City Police Department,1008177502,MANHATTAN,NEW YORK,2016-09-17T02:22:12.000,05 MANHATTAN,Drinking,2016-09-16,5 AVENUE,AVENUE OF THE AMERICAS,In Public,2016-09-17T07:59:14.000,Precinct,3 WEST 15 STREET,10011,,,,40.73692144,"{u'type': u'Point', u'coordinates': [-73.99364191035, 40.73692144035]}",Residential Building/House,-73.99364191,PHONE,MANHATTAN,Unspecified,2016-09-17T02:22:12.000,The Police Department responded to the complaint and with the information available observed no evidence of the violation at that time.,Closed,WEST 15 STREET,34335059,986012,207757,23:59:14,"(-73.99364191034982, 40.73692144034983)",POINT (-73.99364191034982 40.73692144034983),8,40.75027,-73.99835,Billymark's West,0.14777919,37029695.14
0.00000011809400,0.00000334600000,0.118094,3.346,15,17,153,3,14,68,14,85,1,Manhattan,61,MN03,North Harlem,27983.88413,0,9,INTERSECTION,NYPD,New York City Police Department,0,MANHATTAN,NEW YORK,2016-07-01T21:35:30.000,11 MANHATTAN,Urinating in Public,2016-07-01,,,N/A,2016-07-02T04:42:54.000,Precinct,,10037,EAST 131 STREET,MADISON AVENUE,,40.80952516,"{u'type': u'Point', u'coordinates': [-73.937881393588, 40.809525162041]}",Street/Sidewalk,-73.93788139,PHONE,MANHATTAN,Unspecified,2016-07-01T21:35:30.000,The Police Department responded to the complaint and with the information available observed no evidence of the violation at that time.,Closed,,33738936,1001446,234215,20:42:54,"(-73.93788139358821, 40.80952516204141)",POINT (-73.93788139358821 40.80952516204141),103,INTERSECTION,NYPD,New York City Police Department,0,MANHATTAN,NEW YORK,2016-08-24T21:45:48.000,10 MANHATTAN,Drinking,2016-08-24,,,In Public,2016-08-25T04:47:51.000,Precinct,,10027,WEST 128 STREET,LENOX AVENUE,,40.80969302,"{u'type': u'Point', u'coordinates': [-73.94408372189, 40.809693020477]}",Street/Sidewalk,-73.94408372,PHONE,MANHATTAN,Unspecified,2016-08-24T21:45:48.000,The Police Department responded to the complaint and with the information available observed no evidence of the violation at that time.,Closed,,34162297,999729,234275,20:47:51,"(-73.94408372189042, 40.80969302047728)",POINT (-73.94408372189042 40.80969302047728),153,40.8190601,-73.9375182,A Touch of Dee,0.084858755,25403483.79
0.00000009936560,0.00000112614000,0.0993656,1.12614,9,12,110,3,8,22,8,34,1,Manhattan,61,MN17,Midtown South,27032.70043,0,588,BLOCKFACE,NYPD,New York City Police Department,0,MANHATTAN,NEW YORK,2017-08-20T21:35:03.000,05 MANHATTAN,Urinating in Public,2017-08-20,5 AVENUE,BROADWAY,N/A,2017-08-21T04:06:49.000,Precinct,WEST 31 STREET,10001,,,,40.7470353,"{u'type': u'Point', u'coordinates': [-73.987130312251, 40.74703530359]}",Street/Sidewalk,-73.98713031,PHONE,MANHATTAN,Unspecified,2017-08-20T21:35:03.000,The Police Department responded to the complaint and took action to fix the condition.,Closed,WEST 31 STREET,36992499,987816,211442,20:06:49,"(-73.98713031225071, 40.74703530358954)",POINT (-73.98713031225071 40.74703530358954),78,ADDRESS,NYPD,New York City Police Department,1008330011,MANHATTAN,NEW YORK,2016-08-10T22:27:05.000,05 MANHATTAN,Drinking,2016-08-10,5 AVENUE,BROADWAY,In Public,2016-08-11T04:02:49.000,Precinct,1250 BROADWAY,10001,,,,40.74757063,"{u'type': u'Point', u'coordinates': [-73.988018029545, 40.747570625368]}",Street/Sidewalk,-73.98801803,PHONE,MANHATTAN,Unspecified,2016-08-10T22:27:05.000,The Police Department responded and upon arrival those responsible for the condition were gone.,Closed,BROADWAY,34054713,987570,211637,20:02:49,"(-73.98801802954507, 40.747570625367764)",POINT (-73.98801802954507 40.74757062536776),0,40.7566,-73.98483,Jimmy's Corner,0.084753894,30191534.19
0.00000009922670,0.00000163724000,0.0992267,1.63724,14,8,149,2,13,25,13,33,1,Manhattan,61,MN09,Morningside Heights,20746.05912,0,1023,INTERSECTION,NYPD,New York City Police Department,0,MANHATTAN,NEW YORK,2014-06-05T00:11:49.000,09 MANHATTAN,Urinating in Public,2014-06-04,,,N/A,2014-06-05T06:29:29.000,Precinct,,10025,WEST 116 STREET,MORNINGSIDE DRIVE,,40.8061203,"{u'type': u'Point', u'coordinates': [-73.959355502964, 40.806120296163]}",Park/Playground,-73.9593555,PHONE,MANHATTAN,Unspecified,2014-06-05T00:11:49.000,The Police Department responded to the complaint and with the information available observed no evidence of the violation at that time.,Closed,,28188812,995502,232971,22:29:29,"(-73.95935550296377, 40.80612029616291)",POINT (-73.95935550296377 40.80612029616291),17,ADDRESS,NYPD,New York City Police Department,1019800001,MANHATTAN,NEW YORK,2016-07-09T07:29:34.000,09 MANHATTAN,Drinking,2016-07-09,LA SALLE STREET,TIEMANN PLACE,In Public,2016-07-09T10:13:26.000,Precinct,3150 BROADWAY,10027,,,,40.81423918,"{u'type': u'Point', u'coordinates': [-73.959336094075, 40.814239179249]}",Street/Sidewalk,-73.95933609,PHONE,MANHATTAN,Unspecified,2016-07-09T07:29:35.000,The Police Department responded to the complaint and with the information available observed no evidence of the violation at that time.,Closed,BROADWAY,33796385,995506,235929,2:13:26,"(-73.95933609407547, 40.81423917924942)",POINT (-73.95933609407547 40.81423917924942),32,40.80214,-73.96406,Lion's Head Tavern,0.064597642,20155869.47
0.00000009301730,0.00000088366400,0.0930173,0.883664,3,9,47,2,2,10,2,19,1,Manhattan,61,MN31,Roosevelt Island,37708.33429,0,255,ADDRESS,NYPD,New York City Police Department,1014570048,MANHATTAN,NEW YORK,2016-12-26T06:56:56.000,08 MANHATTAN,Urinating in Public,2016-12-26,EAST 62 STREET,EAST 63 STREET,N/A,2016-12-26T08:58:21.000,Precinct,1138 1 AVENUE,10065,,,,40.76176849,"{u'type': u'Point', u'coordinates': [-73.960375261941, 40.761768493774]}",Residential Building/House,-73.96037526,PHONE,MANHATTAN,Unspecified,2016-12-26T06:56:56.000,The Police Department responded and upon arrival those responsible for the condition were gone.,Closed,1 AVENUE,35100854,995227,216812,0:58:21,"(-73.96037526194121, 40.761768493774206)",POINT (-73.96037526194121 40.76176849377421),394,ADDRESS,NYPD,New York City Police Department,1014150143,MANHATTAN,NEW YORK,2017-05-17T23:26:02.000,08 MANHATTAN,Drinking,2017-05-17,3 AVENUE,2 AVENUE,In Public,2017-05-18T04:46:55.000,Precinct,208 EAST 61 STREET,10065,,,,40.76260171,"{u'type': u'Point', u'coordinates': [-73.965211954561, 40.762601712963]}",Street/Sidewalk,-73.96521195,PHONE,MANHATTAN,Unspecified,2017-05-17T23:25:57.000,The Police Department responded and upon arrival those responsible for the condition were gone.,Closed,EAST 61 STREET,36212596,993887,217115,20:46:55,"(-73.96521195456137, 40.762601712962876)",POINT (-73.96521195456137 40.76260171296288),19,40.77091,-73.95409,American Trash,0.117133464,21501377.37
0.00000005817350,0.00000122164000,0.0581735,1.22164,26,13,181,2,25,29,25,42,1,Manhattan,61,MN12,UWS,29160.20629,0,188,INTERSECTION,NYPD,New York City Police Department,0,MANHATTAN,NEW YORK,2016-10-16T23:22:36.000,07 MANHATTAN,Urinating in Public,2016-10-16,,,N/A,2016-10-17T05:24:01.000,Precinct,,10025,WEST 105 STREET,MANHATTAN AVENUE,,40.79798857,"{u'type': u'Point', u'coordinates': [-73.961982606389, 40.797988568409]}",Street/Sidewalk,-73.96198261,PHONE,MANHATTAN,Unspecified,2016-10-16T23:22:36.000,The Police Department responded to the complaint and with the information available observed no evidence of the violation at that time.,Closed,,34550029,994776,230008,21:24:01,"(-73.9619826063895, 40.797988568408925)",POINT (-73.9619826063895 40.79798856840893),213,INTERSECTION,NYPD,New York City Police Department,0,MANHATTAN,NEW YORK,2016-10-29T21:46:42.000,07 MANHATTAN,Drinking,2016-10-29,,,In Public,2016-10-30T05:19:28.000,Precinct,,10025,WEST 99 STREET,BROADWAY,,40.79659671,"{u'type': u'Point', u'coordinates': [-73.970369734734, 40.796596707525]}",Street/Sidewalk,-73.97036973,PHONE,MANHATTAN,Unspecified,2016-10-29T21:46:30.000,The Police Department responded to the complaint and took action to fix the condition.,Closed,,34660237,992454,229500,21:19:28,"(-73.97036973473399, 40.7965967075252)",POINT (-73.97036973473399 40.7965967075252),7,40.7979207,-73.9692688,Broadway Dive Bar,0.090945831,34379942.36
0.00000005749350,0.00000074741500,0.0574935,0.747415,2,7,11,1,1,6,1,13,1,Manhattan,61,MN19,East Midtown,21412.59819,0,173,INTERSECTION,NYPD,New York City Police Department,0,MANHATTAN,NEW YORK,2016-10-07T22:55:50.000,06 MANHATTAN,Urinating in Public,2016-10-07,,,N/A,2016-10-08T06:19:46.000,Precinct,,10017,EAST 49 STREET,3 AVENUE,,40.75519256,"{u'type': u'Point', u'coordinates': [-73.971218323415, 40.755192560509]}",Street/Sidewalk,-73.97121832,PHONE,MANHATTAN,Unspecified,2016-10-07T22:55:50.000,The Police Department responded and upon arrival those responsible for the condition were gone.,Closed,,34486257,992224,214415,22:19:46,"(-73.97121832341485, 40.755192560508654)",POINT (-73.97121832341485 40.75519256050865),712,ADDRESS,NYPD,New York City Police Department,1013280018,MANHATTAN,NEW YORK,2018-10-20T22:50:02.000,06 MANHATTAN,Drinking,2018-10-20,3 AVENUE,2 AVENUE,In Public,2018-10-21T05:09:24.000,Precinct,233 EAST 54 STREET,10022,,,,40.75797765,"{u'type': u'Point', u'coordinates': [-73.968083994714, 40.757977651169]}",Street/Sidewalk,-73.96808399,PHONE,MANHATTAN,Unspecified,2018-10-20T22:50:02.000,The Police Department responded to the complaint and with the information available observed no evidence of the violation at that time.,Closed,EAST 54 STREET,40608384,993092,215430,21:09:24,"(-73.96808399471396, 40.757977651168915)",POINT (-73.96808399471396 40.75797765116891),4,40.75454,-73.97326,Snafu,0.067548194,17393274.63
0.00000005639300,0.00000265047000,0.056393,2.65047,22,7,175,1,21,40,21,47,1,Manhattan,61,MN01,Inwood,31844.40964,0,114,INTERSECTION,NYPD,New York City Police Department,0,MANHATTAN,NEW YORK,2016-09-01T15:41:58.000,12 MANHATTAN,Urinating in Public,2016-08-31,,,N/A,2016-09-01T07:43:08.000,Precinct,,10034,WEST 204 STREET,BROADWAY,,40.8670152,"{u'type': u'Point', u'coordinates': [-73.923108946308, 40.86701519865]}",Street/Sidewalk,-73.92310895,PHONE,MANHATTAN,Unspecified,2016-09-01T15:41:58.000,The Police Department responded to the complaint and with the information available observed no evidence of the violation at that time.,Closed,,34213420,1005517,255164,23:43:08,"(-73.92310894630785, 40.86701519865037)",POINT (-73.92310894630785 40.86701519865037),36,ADDRESS,NYPD,New York City Police Department,1022280007,MANHATTAN,NEW YORK,2016-07-19T06:17:43.000,12 MANHATTAN,Drinking,2016-07-18,ISHAM STREET,WEST 211 STREET,In Public,2016-07-19T07:00:31.000,Precinct,170 VERMILYEA AVENUE,10034,,,,40.86734454,"{u'type': u'Point', u'coordinates': [-73.919062788515, 40.867344539838]}",Street/Sidewalk,-73.91906279,ONLINE,MANHATTAN,Unspecified,2016-07-19T06:17:43.000,The Police Department responded to the complaint and with the information available observed no evidence of the violation at that time.,Closed,VERMILYEA AVENUE,33874838,1006636,255285,23:00:31,"(-73.91906278851496, 40.86734453983834)",POINT (-73.91906278851496 40.86734453983834),315,40.8692172,-73.91734555,Liffy II Bar,0.100678144,17732688.63
0.00000004082480,0.00000146969000,0.0408248,1.46969,29,9,193,1,28,27,28,36,1,Manhattan,61,MN34,East Harlem - N,30603.71878,0,1305,ADDRESS,NYPD,New York City Police Department,1016840001,MANHATTAN,NEW YORK,2014-12-28T22:18:18.000,11 MANHATTAN,Urinating in Public,2014-12-28,2 AVENUE,1 AVENUE,N/A,2014-12-29T04:09:01.000,Precinct,335 EAST 112 STREET,10029,,,,40.79389963,"{u'type': u'Point', u'coordinates': [-73.938246293006, 40.793899627991]}",Residential Building/House,-73.93824629,PHONE,MANHATTAN,Unspecified,2014-12-28T22:18:18.000,The Police Department responded to the complaint and determined that police action was not necessary.,Closed,EAST 112 STREET,29589141,1001349,228522,20:09:01,"(-73.93824629300637, 40.79389962799122)",POINT (-73.93824629300637 40.79389962799122),42,ADDRESS,NYPD,New York City Police Department,1016210041,MANHATTAN,NEW YORK,2016-07-20T20:38:45.000,11 MANHATTAN,Drinking,2016-07-20,MADISON AVENUE,PARK AVENUE,In Public,2016-07-21T04:23:28.000,Precinct,70 EAST 116 STREET,10029,,,,40.79966105,"{u'type': u'Point', u'coordinates': [-73.944095760588, 40.799661054777]}",Store/Commercial,-73.94409576,PHONE,MANHATTAN,Unspecified,2016-07-20T20:38:45.000,The Police Department responded to the complaint and with the information available observed no evidence of the violation at that time.,Closed,EAST 116 STREET,33891944,999728,230620,20:23:28,"(-73.944095760588, 40.799661054776976)",POINT (-73.944095760588 40.79966105477698),11,40.79422,-73.94006,The Duck,0.094019288,24494898.58
0.00000000000000,0.00000206629000,0,2.06629,1,3,4,0,0,19,0,22,1,Manhattan,61,MN06,Manhattanville,17040.68541,0,470,ADDRESS,NYPD,New York City Police Department,1019840001,MANHATTAN,NEW YORK,2017-06-25T00:38:07.000,09 MANHATTAN,Urinating in Public,2017-06-24,OLD BROADWAY,BEND,N/A,2017-06-25T04:19:26.000,Precinct,545 WEST 126 STREET,10027,,,,40.81561342,"{u'type': u'Point', u'coordinates': [-73.95696531167, 40.815613423788]}",Residential Building/House,-73.95696531,PHONE,MANHATTAN,Unspecified,2017-06-25T00:38:07.000,The Police Department responded and upon arrival those responsible for the condition were gone.,Closed,WEST 126 STREET,36531197,996162,236430,20:19:26,"(-73.95696531167027, 40.81561342378834)",POINT (-73.95696531167027 40.81561342378834),72,ADDRESS,NYPD,New York City Police Department,1019870017,MANHATTAN,NEW YORK,2016-08-07T04:42:55.000,09 MANHATTAN,Drinking,2016-08-07,AMSTERDAM AVENUE,OLD BROADWAY,In Public,2016-08-07T09:53:28.000,Precinct,529 WEST 133 STREET,10027,,,,40.81808266,"{u'type': u'Point', u'coordinates': [-73.954329946044, 40.818082657913]}",Street/Sidewalk,-73.95432995,PHONE,MANHATTAN,Unspecified,2016-08-07T04:42:55.000,The Police Department responded to the complaint and took action to fix the condition.,Closed,WEST 133 STREET,34029017,996891,237330,1:53:28,"(-73.95432994604417, 40.818082657913074)",POINT (-73.95432994604417 40.81808265791307),,,,,0.053759414,10647077.5
0.00000000000000,0.00000366178000,0,3.66178,6,10,105,0,5,73,5,83,1,Manhattan,61,MN35,Washington Heights - N,26684.31744,0,340,BLOCKFACE,NYPD,New York City Police Department,0,MANHATTAN,NEW YORK,2017-04-16T07:55:51.000,12 MANHATTAN,Urinating in Public,2017-04-16,BROADWAY,SEAMAN AVENUE,N/A,2017-04-16T11:46:59.000,Precinct,DYCKMAN STREET,10034,,,,40.86586537,"{u'type': u'Point', u'coordinates': [-73.927665740849, 40.865865372368]}",Street/Sidewalk,-73.92766574,PHONE,MANHATTAN,Unspecified,2017-04-16T07:55:51.000,The Police Department responded and upon arrival those responsible for the condition were gone.,Closed,DYCKMAN STREET,35958541,1004257,254744,3:46:59,"(-73.92766574084868, 40.86586537236765)",POINT (-73.92766574084868 40.86586537236765),66,ADDRESS,NYPD,New York City Police Department,1021700307,MANHATTAN,NEW YORK,2016-08-06T04:14:45.000,12 MANHATTAN,Drinking,2016-08-06,WADSWORTH AVENUE,WADSWORTH TERRACE,In Public,2016-08-06T10:03:19.000,Precinct,651 WEST 188 STREET,10040,,,,40.85427984,"{u'type': u'Point', u'coordinates': [-73.931922137544, 40.854279838306]}",Street/Sidewalk,-73.93192214,PHONE,MANHATTAN,Unspecified,2016-08-06T04:14:45.000,The Police Department responded and upon arrival those responsible for the condition were gone.,Closed,WEST 188 STREET,34013848,1003083,250522,2:03:19,"(-73.93192213754392, 40.85427983830552)",POINT (-73.93192213754392 40.85427983830552),,,,,0.083039988,22666574.58
0.00000000000000,0.00000025307500,0,0.253075,8,2,109,0,7,2,7,4,1,Manhattan,61,MN14,Lincoln Square,19869.90825,0,1209,INTERSECTION,NYPD,New York City Police Department,0,MANHATTAN,NEW YORK,2014-09-17T23:01:19.000,07 MANHATTAN,Urinating in Public,2014-09-17,,,N/A,2014-09-18T06:42:16.000,Precinct,,10023,WEST 67 STREET,BROADWAY,,40.7746797,"{u'type': u'Point', u'coordinates': [-73.982200252477, 40.774679702585]}",Street/Sidewalk,-73.98220025,PHONE,MANHATTAN,Unspecified,2014-09-17T23:01:19.000,The Police Department responded to the complaint and took action to fix the condition.,Closed,,28899840,989180,221514,22:42:16,"(-73.98220025247693, 40.774679702585445)",POINT (-73.98220025247693 40.77467970258544),49,INTERSECTION,NYPD,New York City Police Department,0,MANHATTAN,NEW YORK,2016-07-24T21:54:24.000,07 MANHATTAN,Drinking,2016-07-24,,,In Public,2016-07-25T04:12:06.000,Precinct,,10069,WEST END AVENUE,WEST 62 STREET,,40.77348934,"{u'type': u'Point', u'coordinates': [-73.989082053929, 40.773489343866]}",Street/Sidewalk,-73.98908205,PHONE,MANHATTAN,Unspecified,2016-07-24T21:54:24.000,The Police Department responded and upon arrival those responsible for the condition were gone.,Closed,,33916662,987274,221080,20:12:06,"(-73.98908205392863, 40.77348934386623)",POINT (-73.98908205392863 40.77348934386623),,,,,0.06429125,15805586.31
0.00000000000000,0.00000104658000,0,1.04658,10,14,111,0,9,7,9,21,1,Manhattan,61,MN40,UES,23778.41052,0,661,BLOCKFACE,NYPD,New York City Police Department,0,MANHATTAN,NEW YORK,2017-10-02T23:31:15.000,08 MANHATTAN,Urinating in Public,2017-10-02,LEXINGTON AVENUE,3 AVENUE,N/A,2017-10-03T07:07:58.000,Precinct,EAST 76 STREET,10021,,,,40.77266756,"{u'type': u'Point', u'coordinates': [-73.959520335709, 40.772667563317]}",Street/Sidewalk,-73.95952034,PHONE,MANHATTAN,Unspecified,2017-10-02T23:31:15.000,The Police Department responded and upon arrival those responsible for the condition were gone.,Closed,EAST 76 STREET,37332927,995462,220783,23:07:58,"(-73.95952033570876, 40.77266756331679)",POINT (-73.95952033570876 40.77266756331679),996,ADDRESS,NYPD,New York City Police Department,1015030051,MANHATTAN,NEW YORK,2014-05-19T23:58:08.000,08 MANHATTAN,Drinking,2014-05-19,MADISON AVENUE,PARK AVENUE,In Public,2014-05-20T07:48:59.000,Precinct,44 EAST 92 STREET,10128,,,,40.78453716,"{u'type': u'Point', u'coordinates': [-73.955739591639, 40.784537158084]}",Street/Sidewalk,-73.95573959,PHONE,MANHATTAN,Unspecified,2014-05-19T23:58:08.000,The Police Department responded and upon arrival those responsible for the condition were gone.,Closed,EAST 92 STREET,28072624,996507,225108,23:48:59,"(-73.95573959163868, 40.78453715808356)",POINT (-73.95573959163868 40.78453715808356),,,,,0.072504362,20065364.19
0.00000000000000,0.00000706405000,0,7.06405,11,51,117,0,10,51,10,102,1,Manhattan,61,MN11,South Harlem,16621.0235,0,148,INTERSECTION,NYPD,New York City Police Department,0,MANHATTAN,NEW YORK,2016-09-20T00:27:42.000,10 MANHATTAN,Urinating in Public,2016-09-19,,,N/A,2016-09-20T07:57:24.000,Precinct,,10027,WEST 122 STREET,MALCOLM X BOULEVARD,,40.80583802,"{u'type': u'Point', u'coordinates': [-73.946900854272, 40.805838015118]}",Street/Sidewalk,-73.94690085,PHONE,MANHATTAN,Unspecified,2016-09-20T00:27:42.000,The Police Department responded to the complaint and with the information available observed no evidence of the violation at that time.,Closed,,34360081,998950,232870,23:57:24,"(-73.94690085427227, 40.805838015118006)",POINT (-73.94690085427227 40.80583801511801),14,ADDRESS,NYPD,New York City Police Department,1019010016,MANHATTAN,NEW YORK,2016-07-08T04:18:57.000,10 MANHATTAN,Drinking,2016-07-08,LENOX AVENUE,7 AVENUE,In Public,2016-07-08T10:01:08.000,Precinct,133 WEST 116 STREET,10026,,,,40.80248567,"{u'type': u'Point', u'coordinates': [-73.950757538093, 40.80248567237]}",Street/Sidewalk,-73.95075754,PHONE,MANHATTAN,Unspecified,2016-07-08T04:18:57.000,The Police Department responded to the complaint and with the information available observed no evidence of the violation at that time.,Closed,WEST 116 STREET,33779297,997883,231648,2:01:08,"(-73.95075753809273, 40.802485672369755)",POINT (-73.95075753809273 40.80248567236976),,,,,0.052837663,14439304.81
0.00000000000000,0.00000000000000,0,0,12,0,121,0,11,0,11,0,1,Manhattan,61,MN50,Stuy Town,11988.41897,0,0,,,,0,,,,,,,,,,,,,0,,,,0,,,0,,,,,,,,0,0,0,,,,0,,,,0,,,,,,,,,,,,,0,,,,0,,,0,,,,,,,,0,0,0,,,,,,,,0.037930131,5581768.322
0.00000000000000,0.00000472163000,0,4.72163,17,5,163,0,16,71,16,76,1,Manhattan,61,MN04,Hamilton Heights,17411.38168,0,1329,ADDRESS,NYPD,New York City Police Department,1020500071,MANHATTAN,NEW YORK,2015-03-05T22:47:13.000,09 MANHATTAN,Urinating in Public,2015-03-05,WEST 141 STREET,WEST 144 STREET,N/A,2015-03-06T06:19:47.000,Precinct,44 HAMILTON TERRACE,10031,,,,40.82276454,"{u'type': u'Point', u'coordinates': [-73.946529650129, 40.822764538771]}",Residential Building/House,-73.94652965,PHONE,MANHATTAN,Unspecified,2015-03-05T22:47:13.000,The Police Department responded to the complaint and with the information available observed no evidence of the violation at that time.,Closed,HAMILTON TERRACE,30104488,999049,239037,22:19:47,"(-73.94652965012875, 40.822764538770954)",POINT (-73.94652965012875 40.82276453877095),23,ADDRESS,NYPD,New York City Police Department,1020820062,MANHATTAN,NEW YORK,2016-07-12T22:12:21.000,09 MANHATTAN,Drinking,2016-07-12,WEST 150 STREET,WEST 151 STREET,In Public,2016-07-13T04:57:35.000,Precinct,3650 BROADWAY,10031,,,,40.82996179,"{u'type': u'Point', u'coordinates': [-73.947860860082, 40.829961792827]}",Club/Bar/Restaurant,-73.94786086,ONLINE,MANHATTAN,Unspecified,2016-07-12T22:12:21.000,The Police Department responded to the complaint and took action to fix the condition.,Closed,BROADWAY,33819387,998679,241659,20:57:35,"(-73.94786086008224, 40.82996179282725)",POINT (-73.94786086008224 40.82996179282725),,,,,0.055557584,16096135.88
0.00000000000000,0.00000610575000,0,6.10575,19,6,165,0,18,135,18,141,1,Manhattan,61,MN36,Washington Heights - S,22108.4876,0,413,INTERSECTION,NYPD,New York City Police Department,0,MANHATTAN,NEW YORK,2017-06-01T21:52:33.000,12 MANHATTAN,Urinating in Public,2017-06-01,,,N/A,2017-06-02T04:44:28.000,Precinct,,10033,WEST 181 STREET,FORT WASHINGTON AVENUE,,40.85090743,"{u'type': u'Point', u'coordinates': [-73.938283732302, 40.850907431492]}",Street/Sidewalk,-73.93828373,PHONE,MANHATTAN,Unspecified,2017-06-01T21:52:33.000,The Police Department responded and upon arrival those responsible for the condition were gone.,Closed,,36328540,1001324,249292,20:44:28,"(-73.93828373230163, 40.850907431491954)",POINT (-73.93828373230163 40.85090743149195),109,ADDRESS,NYPD,New York City Police Department,1021370110,MANHATTAN,NEW YORK,2016-08-28T06:28:33.000,12 MANHATTAN,Drinking,2016-08-28,BROADWAY,FT WASHINGTON AVENUE,In Public,2016-08-28T11:18:07.000,Precinct,601 WEST 163 STREET,10032,,,,40.83794634,"{u'type': u'Point', u'coordinates': [-73.942466231969, 40.83794634039]}",Street/Sidewalk,-73.94246623,PHONE,MANHATTAN,Unspecified,2016-08-28T06:28:33.000,The Police Department responded and upon arrival those responsible for the condition were gone.,Closed,WEST 163 STREET,34189133,1000170,244569,3:18:07,"(-73.94246623196891, 40.83794634038959)",POINT (-73.94246623196891 40.83794634038959),,,,,0.068553885,23092983.12
0.00000000000000,0.00000006554330,0,0.0655433,27,3,182,0,26,3,26,6,1,Manhattan,61,MN99,(Park land),155123.3787,0,1063,INTERSECTION,NYPD,New York City Police Department,0,MANHATTAN,NEW YORK,2014-06-29T22:46:32.000,12 MANHATTAN,Urinating in Public,2014-06-29,,,N/A,2014-06-30T06:18:41.000,Precinct,,10034,DYCKMAN STREET,STAFF STREET,,40.86779358,"{u'type': u'Point', u'coordinates': [-73.929988444101, 40.867793582241]}",Street/Sidewalk,-73.92998844,PHONE,MANHATTAN,Unspecified,2014-06-29T22:46:32.000,The Police Department responded to the complaint and determined that police action was not necessary.,Closed,,28365650,1003614,255446,22:18:41,"(-73.92998844410148, 40.86779358224087)",POINT (-73.92998844410148 40.86779358224087),2570,INTERSECTION,NYPD,New York City Police Department,0,MANHATTAN,NEW YORK,2010-08-03T01:40:31.000,12 MANHATTAN,Drinking,2010-08-02,,,In Public,2010-08-03T05:14:30.000,Precinct,,10034,WEST 218 STREET,INDIAN ROAD,,40.87302289,"{u'type': u'Point', u'coordinates': [-73.918459263406, 40.873022889943]}",Park/Playground,-73.91845926,PHONE,MANHATTAN,Unspecified,2010-08-03T00:00:00.000,,Closed,,18391515,1006801,257354,21:14:30,"(-73.91845926340582, 40.87302288994266)",POINT (-73.91845926340582 40.87302288994266),,,,,0.486331165,91542559.92
0.00000000000000,0.00000222213000,0,2.22213,28,2,189,0,27,35,27,37,1,Manhattan,61,MN33,East Harlem - S,18624.66475,0,544,ADDRESS,NYPD,New York City Police Department,1016800015,MANHATTAN,NEW YORK,2017-07-30T23:09:40.000,11 MANHATTAN,Urinating in Public,2017-07-30,2 AVENUE,1 AVENUE,N/A,2017-07-31T05:05:21.000,Precinct,323 EAST 108 STREET,10029,,,,40.79142773,"{u'type': u'Point', u'coordinates': [-73.940346812513, 40.791427731841]}",Store/Commercial,-73.94034681,PHONE,MANHATTAN,Unspecified,2017-07-30T23:09:40.000,The Police Department responded to the complaint and took action to fix the condition.,Closed,EAST 108 STREET,36828717,1000768,227621,21:05:21,"(-73.94034681251257, 40.79142773184086)",POINT (-73.94034681251257 40.79142773184086),294,ADDRESS,NYPD,New York City Police Department,1016240009,MANHATTAN,NEW YORK,2017-02-20T01:13:55.000,11 MANHATTAN,Drinking,2017-02-20,PARK AVENUE,LEXINGTON AVENUE,In Public,2017-02-20T08:33:09.000,Precinct,119 EAST 96 STREET,10128,,,,40.78617961,"{u'type': u'Point', u'coordinates': [-73.951654322461, 40.786179612162]}",Residential Building/House,-73.95165432,PHONE,MANHATTAN,Unspecified,2017-02-20T01:13:55.000,The Police Department responded to the complaint but officers were unable to gain entry into the premises.,Closed,EAST 96 STREET,35531083,997638,225707,0:33:09,"(-73.9516543224606, 40.78617961216196)",POINT (-73.9516543224606 40.78617961216196),,,,,0.059786082,16650687.45